play_id,game_id,season,week,season_type,home_team,away_team,play_deleted,touchdown,pass_touchdown,rush_touchdown,return_touchdown,interception,fumble,fumble_lost,kickoff_attempt,punt_attempt,punt_blocked,field_goal_attempt,extra_point_attempt,two_point_attempt,defensive_two_point_conv,defensive_extra_point_conv,safety,special,special_teams_play,play_type,play_type_nfl,posteam,defteam,td_team,td_player_id,return_team,fumble_recovery_1_team,fumble_recovery_2_team,fumbled_1_team,fumbled_2_team,field_goal_result,extra_point_result,two_point_conv_result,st_play_type,posteam_score,defteam_score,posteam_score_post,defteam_score_post
1,2023_02_CLE_PIT,2023,2,REG,PIT,CLE,0,,,,,,,,,,,,,,,,,0,0,,GAME_START,,,,,,,,,,,,,,,,,
40,2023_02_CLE_PIT,2023,2,REG,PIT,CLE,0,0,0,0,0,0,0,0,1,0,0,0,0,0,0,0,0,1,1,kickoff,KICK_OFF,CLE,PIT,,,CLE,,,,,,,,,0,0,0,0
56,2023_02_CLE_PIT,2023,2,REG,PIT,CLE,0,1,0,0,1,1,0,0,0,0,0,0,0,0,0,0,0,0,0,pass,INTERCEPTION,CLE,PIT,PIT,00-0036333,PIT,,,,,,,,,0,0,0,6
84,2023_02_CLE_PIT,2023,2,REG,PIT,CLE,0,0,0,0,0,0,0,0,0,0,0,0,1,0,0,0,0,1,1,extra_point,XP_KICK,PIT,CLE,,,,,,,,,good,,,6,0,7,0
99,2023_02_CLE_PIT,2023,2,REG,PIT,CLE,0,0,0,0,0,0,0,0,1,0,0,0,0,0,0,0,0,1,1,kickoff,KICK_OFF,CLE,PIT,,,CLE,,,,,,,,,0,7,0,7
122,2023_02_CLE_PIT,2023,2,REG,PIT,CLE,0,0,0,0,0,0,0,0,0,0,0,0,0,0,0,0,0,0,0,run,RUSH,CLE,PIT,,,,,,,,,,,,0,7,0,7
156,2023_02_CLE_PIT,2023,2,REG,PIT,CLE,0,0,0,0,0,0,0,0,0,0,0,0,0,0,0,0,0,0,0,no_play,TIMEOUT,,,,,,,,,,,,,,,,,
144,2023_02_CLE_PIT,2023,2,REG,PIT,CLE,0,0,0,0,0,0,0,0,0,0,0,0,0,0,0,0,0,0,0,pass,PASS,CLE,PIT,,,,,,,,,,,,0,7,0,7
176,2023_02_CLE_PIT,2023,2,REG,PIT,CLE,0,0,0,0,0,0,0,0,0,0,0,0,0,0,0,0,0,0,0,pass,PASS,CLE,PIT,,,,,,,,,,,,0,7,0,7
206,2023_02_CLE_PIT,2023,2,REG,PIT,CLE,0,0,0,0,0,0,0,0,0,0,0,0,0,0,0,0,0,0,0,run,RUSH,CLE,PIT,,,,,,,,,,,,0,7,0,7
230,2023_02_CLE_PIT,2023,2,REG,PIT,CLE,0,0,0,0,0,0,0,0,0,0,0,0,0,0,0,0,0,0,0,pass,PASS,CLE,PIT,,,,,,,,,,,,0,7,0,7
255,2023_02_CLE_PIT,2023,2,REG,PIT,CLE,0,0,0,0,0,0,0,0,0,0,0,0,0,0,0,0,0,0,0,pass,PASS,CLE,PIT,,,,,,,,,,,,0,7,0,7
280,2023_02_CLE_PIT,2023,2,REG,PIT,CLE,0,0,0,0,0,0,0,0,0,0,0,0,0,0,0,0,0,0,0,run,RUSH,CLE,PIT,,,,,,,,,,,,0,7,0,7
302,2023_02_CLE_PIT,2023,2,REG,PIT,CLE,0,0,0,0,0,0,0,0,0,0,0,0,0,0,0,0,0,0,0,run,RUSH,CLE,PIT,,,,,,,,,,,,0,7,0,7
324,2023_02_CLE_PIT,2023,2,REG,PIT,CLE,0,0,0,0,0,0,0,0,0,0,0,0,0,0,0,0,0,0,0,no_play,PENALTY,CLE,PIT,,,,,,,,,,,,0,7,0,7
357,2023_02_CLE_PIT,2023,2,REG,PIT,CLE,0,0,0,0,0,0,0,0,0,0,0,0,0,0,0,0,0,0,0,run,RUSH,CLE,PIT,,,,,,,,,,,,0,7,0,7
384,2023_02_CLE_PIT,2023,2,REG,PIT,CLE,0,0,0,0,0,0,0,0,0,0,0,0,0,0,0,0,0,0,0,pass,PASS,CLE,PIT,,,,,,,,,,,,0,7,0,7
412,2023_02_CLE_PIT,2023,2,REG,PIT,CLE,0,0,0,0,0,0,0,0,0,0,0,1,0,0,0,0,0,1,0,field_goal,FIELD_GOAL,CLE,PIT,,,,,,,,made,,,,0,7,3,7
432,2023_02_CLE_PIT,2023,2,REG,PIT,CLE,0,0,0,0,0,0,0,0,1,0,0,0,0,0,0,0,0,1,1,kickoff,KICK_OFF,PIT,CLE,,,PIT,,,,,,,,,7,3,7,3
467,2023_02_CLE_PIT,2023,2,REG,PIT,CLE,0,0,0,0,0,0,0,0,0,0,0,0,0,0,0,0,0,0,0,pass,PASS,PIT,CLE,,,,,,,,,,,,7,3,7,3
497,2023_02_CLE_PIT,2023,2,REG,PIT,CLE,0,0,0,0,0,0,0,0,0,0,0,0,0,0,0,0,0,0,0,pass,PASS,PIT,CLE,,,,,,,,,,,,7,3,7,3
520,2023_02_CLE_PIT,2023,2,REG,PIT,CLE,0,0,0,0,0,1,0,0,0,0,0,0,0,0,0,0,0,0,0,pass,INTERCEPTION,PIT,CLE,,,CLE,,,,,,,,,7,3,7,3
547,2023_02_CLE_PIT,2023,2,REG,PIT,CLE,0,0,0,0,0,0,0,0,0,0,0,0,0,0,0,0,0,0,0,pass,SACK,CLE,PIT,,,,,,,,,,,,3,7,3,7
567,2023_02_CLE_PIT,2023,2,REG,PIT,CLE,0,0,0,0,0,0,0,0,0,0,0,0,0,0,0,0,0,0,0,pass,PASS,CLE,PIT,,,,,,,,,,,,3,7,3,7
592,2023_02_CLE_PIT,2023,2,REG,PIT,CLE,0,0,0,0,0,0,0,0,0,0,0,0,0,0,0,0,0,0,0,pass,PASS,CLE,PIT,,,,,,,,,,,,3,7,3,7
615,2023_02_CLE_PIT,2023,2,REG,PIT,CLE,0,0,0,0,0,0,0,0,0,0,0,1,0,0,0,0,0,1,0,field_goal,FIELD_GOAL,CLE,PIT,,,,,,,,missed,,,,3,7,3,7
636,2023_02_CLE_PIT,2023,2,REG,PIT,CLE,0,0,0,0,0,0,0,0,0,0,0,0,0,0,0,0,0,0,0,run,RUSH,PIT,CLE,,,,,,,,,,,,7,3,7,3
665,2023_02_CLE_PIT,2023,2,REG,PIT,CLE,0,0,0,0,0,0,0,0,0,0,0,0,0,0,0,0,0,0,0,run,RUSH,PIT,CLE,,,,,,,,,,,,7,3,7,3
687,2023_02_CLE_PIT,2023,2,REG,PIT,CLE,0,0,0,0,0,0,0,0,0,0,0,0,0,0,0,0,0,0,0,no_play,PENALTY,PIT,CLE,,,,,,,,,,,,7,3,7,3
711,2023_02_CLE_PIT,2023,2,REG,PIT,CLE,0,0,0,0,0,0,0,0,0,0,0,0,0,0,0,0,0,0,0,pass,PASS,PIT,CLE,,,,,,,,,,,,7,3,7,3
736,2023_02_CLE_PIT,2023,2,REG,PIT,CLE,0,0,0,0,0,0,0,0,0,1,0,0,0,0,0,0,0,1,1,punt,PUNT,PIT,CLE,,,CLE,,,,,,,,,7,3,7,3
756,2023_02_CLE_PIT,2023,2,REG,PIT,CLE,0,0,0,0,0,0,0,0,0,0,0,0,0,0,0,0,0,0,0,run,RUSH,CLE,PIT,,,,,,,,,,,,3,7,3,7
785,2023_02_CLE_PIT,2023,2,REG,PIT,CLE,0,0,0,0,0,0,0,0,0,0,0,0,0,0,0,0,0,0,0,run,RUSH,CLE,PIT,,,,,,,,,,,,3,7,3,7
807,2023_02_CLE_PIT,2023,2,REG,PIT,CLE,0,0,0,0,0,0,0,0,0,0,0,0,0,0,0,0,0,0,0,pass,PASS,CLE,PIT,,,,,,,,,,,,3,7,3,7
843,2023_02_CLE_PIT,2023,2,REG,PIT,CLE,0,0,0,0,0,0,0,0,0,0,0,0,0,0,0,0,0,0,0,run,RUSH,CLE,PIT,,,,,,,,,,,,3,7,3,7
865,2023_02_CLE_PIT,2023,2,REG,PIT,CLE,0,0,0,0,0,0,0,0,0,0,0,0,0,0,0,0,0,0,0,run,RUSH,CLE,PIT,,,,,,,,,,,,3,7,3,7
887,2023_02_CLE_PIT,2023,2,REG,PIT,CLE,0,0,0,0,0,0,0,0,0,0,0,0,0,0,0,0,0,0,0,run,RUSH,CLE,PIT,,,,,,,,,,,,3,7,3,7
911,2023_02_CLE_PIT,2023,2,REG,PIT,CLE,0,0,0,0,0,0,0,0,0,0,0,0,0,0,0,0,0,0,0,pass,PASS,CLE,PIT,,,,,,,,,,,,3,7,3,7
946,2023_02_CLE_PIT,2023,2,REG,PIT,CLE,0,0,0,0,0,0,1,1,0,0,0,0,0,0,0,0,0,0,0,run,RUSH,CLE,PIT,,,,PIT,,CLE,,,,,,3,7,3,7
1047,2023_02_CLE_PIT,2023,2,REG,PIT,CLE,0,0,0,0,0,0,0,0,0,0,0,0,0,0,0,0,0,0,0,no_play,PENALTY,PIT,CLE,,,,,,,,,,,,7,3,7,3
1071,2023_02_CLE_PIT,2023,2,REG,PIT,CLE,0,0,0,0,0,0,1,1,0,0,0,0,0,0,0,0,0,0,0,pass,PASS,PIT,CLE,,,,CLE,,PIT,CLE,,,,,7,3,7,3
1121,2023_02_CLE_PIT,2023,2,REG,PIT,CLE,0,0,0,0,0,0,0,0,0,0,0,0,0,0,0,0,0,0,0,run,RUSH,CLE,PIT,,,,,,,,,,,,3,7,3,7
1143,2023_02_CLE_PIT,2023,2,REG,PIT,CLE,0,,,,,,,,,,,,,,,,,0,0,,END_QUARTER,CLE,PIT,,,,,,,,,,,,3,7,3,7
1163,2023_02_CLE_PIT,2023,2,REG,PIT,CLE,0,0,0,0,0,0,0,0,0,0,0,0,0,0,0,0,0,0,0,pass,PASS,CLE,PIT,,,,,,,,,,,,3,7,3,7
1188,2023_02_CLE_PIT,2023,2,REG,PIT,CLE,0,0,0,0,0,0,0,0,0,0,0,0,0,0,0,0,0,0,0,run,RUSH,CLE,PIT,,,,,,,,,,,,3,7,3,7
1216,2023_02_CLE_PIT,2023,2,REG,PIT,CLE,0,1,1,0,0,0,0,0,0,0,0,0,0,0,0,0,0,0,0,pass,PASS,CLE,PIT,CLE,00-0037267,,,,,,,,,,3,7,9,7
1249,2023_02_CLE_PIT,2023,2,REG,PIT,CLE,0,0,0,0,0,0,0,0,0,0,0,0,0,0,0,0,0,0,0,no_play,PENALTY,CLE,PIT,,,,,,,,,,,,9,7,9,7
1275,2023_02_CLE_PIT,2023,2,REG,PIT,CLE,0,0,0,0,0,0,0,0,0,0,0,0,0,1,0,0,0,0,0,run,PAT2,CLE,PIT,,,,,,,,,,success,,9,7,11,7
1288,2023_02_CLE_PIT,2023,2,REG,PIT,CLE,0,0,0,0,0,0,0,0,1,0,0,0,0,0,0,0,0,1,1,kickoff,KICK_OFF,PIT,CLE,,,PIT,,,,,,,,,7,11,7,11
1304,2023_02_CLE_PIT,2023,2,REG,PIT,CLE,0,0,0,0,0,0,0,0,0,0,0,0,0,0,0,0,0,0,0,pass,PASS,PIT,CLE,,,,,,,,,,,,7,11,7,11
1329,2023_02_CLE_PIT,2023,2,REG,PIT,CLE,0,0,0,0,0,0,0,0,0,0,0,0,0,0,0,0,0,0,0,run,RUSH,PIT,CLE,,,,,,,,,,,,7,11,7,11
1351,2023_02_CLE_PIT,2023,2,REG,PIT,CLE,0,0,0,0,0,0,0,0,0,0,0,0,0,0,0,0,0,0,0,pass,PASS,PIT,CLE,,,,,,,,,,,,7,11,7,11
1385,2023_02_CLE_PIT,2023,2,REG,PIT,CLE,0,0,0,0,0,0,0,0,0,0,0,0,0,0,0,0,0,0,0,run,RUSH,PIT,CLE,,,,,,,,,,,,7,11,7,11
1407,2023_02_CLE_PIT,2023,2,REG,PIT,CLE,0,0,0,0,0,0,0,0,0,0,0,0,0,0,0,0,0,0,0,pass,PASS,PIT,CLE,,,,,,,,,,,,7,11,7,11
1435,2023_02_CLE_PIT,2023,2,REG,PIT,CLE,0,0,0,0,0,0,0,0,0,0,0,0,0,0,0,0,0,0,0,pass,PASS,PIT,CLE,,,,,,,,,,,,7,11,7,11
1458,2023_02_CLE_PIT,2023,2,REG,PIT,CLE,0,0,0,0,0,0,0,0,0,1,0,0,0,0,0,0,0,1,1,punt,PUNT,PIT,CLE,,,CLE,,,,,,,,,7,11,7,11
1478,2023_02_CLE_PIT,2023,2,REG,PIT,CLE,0,0,0,0,0,0,0,0,0,0,0,0,0,0,0,0,0,0,0,pass,PASS,CLE,PIT,,,,,,,,,,,,11,7,11,7
1508,2023_02_CLE_PIT,2023,2,REG,PIT,CLE,0,0,0,0,0,0,0,0,0,0,0,0,0,0,0,0,0,0,0,pass,SACK,CLE,PIT,,,,,,,,,,,,11,7,11,7
1539,2023_02_CLE_PIT,2023,2,REG,PIT,CLE,0,0,0,0,0,0,0,0,0,0,0,0,0,0,0,0,0,0,0,pass,PASS,CLE,PIT,,,,,,,,,,,,11,7,11,7
1562,2023_02_CLE_PIT,2023,2,REG,PIT,CLE,0,0,0,0,0,0,0,0,0,1,0,0,0,0,0,0,0,1,1,punt,PUNT,CLE,PIT,,,PIT,,,,,,,,,11,7,11,7
1588,2023_02_CLE_PIT,2023,2,REG,PIT,CLE,0,0,0,0,0,0,0,0,0,0,0,0,0,0,0,0,0,0,0,run,RUSH,PIT,CLE,,,,,,,,,,,,7,11,7,11
1615,2023_02_CLE_PIT,2023,2,REG,PIT,CLE,0,0,0,0,0,0,0,0,0,0,0,0,0,0,0,0,0,0,0,pass,PASS,PIT,CLE,,,,,,,,,,,,7,11,7,11
1640,2023_02_CLE_PIT,2023,2,REG,PIT,CLE,0,0,0,0,0,0,0,0,0,0,0,0,0,0,0,0,0,0,0,pass,PASS,PIT,CLE,,,,,,,,,,,,7,11,7,11
1663,2023_02_CLE_PIT,2023,2,REG,PIT,CLE,0,0,0,0,0,0,0,0,0,0,0,1,0,0,0,0,0,1,0,field_goal,FIELD_GOAL,PIT,CLE,,,,,,,,made,,,,7,11,10,11
1683,2023_02_CLE_PIT,2023,2,REG,PIT,CLE,0,0,0,0,0,0,0,0,1,0,0,0,0,0,0,0,0,1,1,kickoff,KICK_OFF,CLE,PIT,,,CLE,,,,,,,,,11,10,11,10
1699,2023_02_CLE_PIT,2023,2,REG,PIT,CLE,0,0,0,0,0,0,0,0,0,0,0,0,0,0,0,0,0,0,0,run,RUSH,CLE,PIT,,,,,,,,,,,,11,10,11,10
1721,2023_02_CLE_PIT,2023,2,REG,PIT,CLE,0,0,0,0,0,0,0,0,0,0,0,0,0,0,0,0,0,0,0,run,RUSH,CLE,PIT,,,,,,,,,,,,11,10,11,10
1743,2023_02_CLE_PIT,2023,2,REG,PIT,CLE,0,0,0,0,0,0,0,0,0,0,0,0,0,0,0,0,0,0,0,pass,PASS,CLE,PIT,,,,,,,,,,,,11,10,11,10
1766,2023_02_CLE_PIT,2023,2,REG,PIT,CLE,0,0,0,0,0,0,0,0,0,1,0,0,0,0,0,0,0,1,1,punt,PUNT,CLE,PIT,,,PIT,,,,,,,,,11,10,11,10
1786,2023_02_CLE_PIT,2023,2,REG,PIT,CLE,0,0,0,0,0,0,0,0,0,0,0,0,0,0,0,0,0,0,0,run,RUSH,PIT,CLE,,,,,,,,,,,,10,11,10,11
1815,2023_02_CLE_PIT,2023,2,REG,PIT,CLE,0,0,0,0,0,0,0,0,0,0,0,0,0,0,0,0,0,0,0,pass,PASS,PIT,CLE,,,,,,,,,,,,10,11,10,11
1838,2023_02_CLE_PIT,2023,2,REG,PIT,CLE,0,0,0,0,0,0,0,0,0,0,0,0,0,0,0,0,0,0,0,pass,PASS,PIT,CLE,,,,,,,,,,,,10,11,10,11
1863,2023_02_CLE_PIT,2023,2,REG,PIT,CLE,0,1,1,0,0,0,0,0,0,0,0,0,0,0,0,0,0,0,0,pass,PASS,PIT,CLE,PIT,00-0037247,,,,,,,,,,10,11,16,11
1889,2023_02_CLE_PIT,2023,2,REG,PIT,CLE,0,0,0,0,0,0,0,0,0,0,0,0,0,0,0,0,0,0,0,no_play,PENALTY,PIT,CLE,,,,,,,,,,,,16,11,16,11
1909,2023_02_CLE_PIT,2023,2,REG,PIT,CLE,0,0,0,0,0,0,0,0,0,0,0,0,0,1,0,0,0,0,0,run,PAT2,PIT,CLE,,,,,,,,,,failure,,16,11,16,11
1922,2023_02_CLE_PIT,2023,2,REG,PIT,CLE,0,0,0,0,0,0,0,0,1,0,0,0,0,0,0,0,0,1,1,kickoff,KICK_OFF,CLE,PIT,,,CLE,,,,,,,,,11,16,11,16
1945,2023_02_CLE_PIT,2023,2,REG,PIT,CLE,0,0,0,0,0,0,0,0,0,0,0,0,0,0,0,0,0,0,0,pass,PASS,CLE,PIT,,,,,,,,,,,,11,16,11,16
1968,2023_02_CLE_PIT,2023,2,REG,PIT,CLE,0,0,0,0,0,0,0,0,0,0,0,0,0,0,0,0,0,0,0,run,RUSH,CLE,PIT,,,,,,,,,,,,11,16,11,16
1990,2023_02_CLE_PIT,2023,2,REG,PIT,CLE,0,0,0,0,0,0,0,0,0,0,0,0,0,0,0,0,0,0,0,pass,PASS,CLE,PIT,,,,,,,,,,,,11,16,11,16
2013,2023_02_CLE_PIT,2023,2,REG,PIT,CLE,0,0,0,0,0,0,0,0,0,1,0,0,0,0,0,0,0,1,1,punt,PUNT,CLE,PIT,,,PIT,,,,,,,,,11,16,11,16
2044,2023_02_CLE_PIT,2023,2,REG,PIT,CLE,0,0,0,0,0,0,0,0,0,0,0,0,0,0,0,0,0,0,0,pass,PASS,PIT,CLE,,,,,,,,,,,,16,11,16,11
2069,2023_02_CLE_PIT,2023,2,REG,PIT,CLE,0,0,0,0,0,0,0,0,0,0,0,0,0,0,0,0,0,0,0,run,RUSH,PIT,CLE,,,,,,,,,,,,16,11,16,11
2091,2023_02_CLE_PIT,2023,2,REG,PIT,CLE,0,0,0,0,0,0,0,0,0,0,0,0,0,0,0,0,0,0,0,pass,PASS,PIT,CLE,,,,,,,,,,,,16,11,16,11
2116,2023_02_CLE_PIT,2023,2,REG,PIT,CLE,0,0,0,0,0,0,0,0,0,0,0,0,0,0,0,0,0,0,0,pass,PASS,PIT,CLE,,,,,,,,,,,,16,11,16,11
2139,2023_02_CLE_PIT,2023,2,REG,PIT,CLE,0,0,0,0,0,0,0,0,0,0,0,0,0,0,0,0,0,0,0,pass,PASS,PIT,CLE,,,,,,,,,,,,16,11,16,11
2162,2023_02_CLE_PIT,2023,2,REG,PIT,CLE,0,0,0,0,0,0,0,0,0,0,0,0,0,0,0,0,0,0,0,pass,PASS,PIT,CLE,,,,,,,,,,,,16,11,16,11
2185,2023_02_CLE_PIT,2023,2,REG,PIT,CLE,0,0,0,0,0,0,0,0,0,1,0,0,0,0,0,0,0,1,1,punt,PUNT,PIT,CLE,,,CLE,,,,,,,,,16,11,16,11
2215,2023_02_CLE_PIT,2023,2,REG,PIT,CLE,0,0,0,0,0,0,0,0,0,0,0,0,0,0,0,0,0,0,0,no_play,PENALTY,CLE,PIT,,,,,,,,,,,,11,16,11,16
2253,2023_02_CLE_PIT,2023,2,REG,PIT,CLE,0,0,0,0,0,0,0,0,0,0,0,0,0,0,0,0,0,0,0,pass,PASS,CLE,PIT,,,,,,,,,,,,11,16,11,16
2278,2023_02_CLE_PIT,2023,2,REG,PIT,CLE,0,0,0,0,0,0,0,0,0,0,0,0,0,0,0,0,0,0,0,pass,PASS,CLE,PIT,,,,,,,,,,,,11,16,11,16
2308,2023_02_CLE_PIT,2023,2,REG,PIT,CLE,0,0,0,0,0,0,0,0,0,0,0,0,0,0,0,0,0,0,0,pass,PASS,CLE,PIT,,,,,,,,,,,,11,16,11,16
2333,2023_02_CLE_PIT,2023,2,REG,PIT,CLE,0,0,0,0,0,0,0,0,0,0,0,0,0,0,0,0,0,0,0,no_play,PENALTY,CLE,PIT,,,,,,,,,,,,11,16,11,16
2367,2023_02_CLE_PIT,2023,2,REG,PIT,CLE,0,0,0,0,0,0,0,0,0,0,0,0,0,0,0,0,0,0,0,run,RUSH,CLE,PIT,,,,,,,,,,,,11,16,11,16
2389,2023_02_CLE_PIT,2023,2,REG,PIT,CLE,0,0,0,0,0,0,0,0,0,0,0,0,0,0,0,0,0,0,0,pass,PASS,CLE,PIT,,,,,,,,,,,,11,16,11,16
2412,2023_02_CLE_PIT,2023,2,REG,PIT,CLE,0,0,0,0,0,0,0,0,0,0,0,0,0,0,0,0,0,0,0,pass,SACK,CLE,PIT,,,,,,,,,,,,11,16,11,16
2450,2023_02_CLE_PIT,2023,2,REG,PIT,CLE,0,0,0,0,0,0,0,0,0,0,0,0,0,0,0,0,0,0,0,no_play,TIMEOUT,,,,,,,,,,,,,,,,,
2457,2023_02_CLE_PIT,2023,2,REG,PIT,CLE,0,0,0,0,0,0,0,0,0,0,0,1,0,0,0,0,0,1,0,field_goal,FIELD_GOAL,CLE,PIT,,,,,,,,made,,,,11,16,14,16
2477,2023_02_CLE_PIT,2023,2,REG,PIT,CLE,0,0,0,0,0,0,0,0,1,0,0,0,0,0,0,0,0,1,1,kickoff,KICK_OFF,PIT,CLE,,,PIT,,,,,,,,,16,14,16,14
2493,2023_02_CLE_PIT,2023,2,REG,PIT,CLE,0,0,0,0,0,0,0,0,0,0,0,0,0,0,0,0,0,0,0,qb_kneel,RUSH,PIT,CLE,,,,,,,,,,,,16,14,16,14
2515,2023_02_CLE_PIT,2023,2,REG,PIT,CLE,0,,,,,,,,,,,,,,,,,0,0,,END_QUARTER,,,,,,,,,,,,,,,,,
2535,2023_02_CLE_PIT,2023,2,REG,PIT,CLE,0,0,0,0,0,0,0,0,1,0,0,0,0,0,0,0,0,1,1,kickoff,KICK_OFF,PIT,CLE,,,PIT,,,,,,,,,16,14,16,14
2551,2023_02_CLE_PIT,2023,2,REG,PIT,CLE,0,0,0,0,0,0,0,0,0,0,0,0,0,0,0,0,0,0,0,pass,PASS,PIT,CLE,,,,,,,,,,,,16,14,16,14
2574,2023_02_CLE_PIT,2023,2,REG,PIT,CLE,0,0,0,0,0,0,0,0,0,0,0,0,0,0,0,0,0,0,0,pass,PASS,PIT,CLE,,,,,,,,,,,,16,14,16,14
2597,2023_02_CLE_PIT,2023,2,REG,PIT,CLE,0,0,0,0,0,0,0,0,0,0,0,0,0,0,0,0,0,0,0,pass,PASS,PIT,CLE,,,,,,,,,,,,16,14,16,14
2625,2023_02_CLE_PIT,2023,2,REG,PIT,CLE,0,0,0,0,0,0,0,0,0,0,0,0,0,0,0,0,0,0,0,run,RUSH,PIT,CLE,,,,,,,,,,,,16,14,16,14
2654,2023_02_CLE_PIT,2023,2,REG,PIT,CLE,0,0,0,0,0,0,0,0,0,0,0,0,0,0,0,0,0,0,0,run,RUSH,PIT,CLE,,,,,,,,,,,,16,14,16,14
2676,2023_02_CLE_PIT,2023,2,REG,PIT,CLE,0,0,0,0,0,0,0,0,0,0,0,0,0,0,0,0,0,0,0,run,RUSH,PIT,CLE,,,,,,,,,,,,16,14,16,14
2698,2023_02_CLE_PIT,2023,2,REG,PIT,CLE,0,0,0,0,0,0,0,0,0,0,0,0,0,0,0,0,0,0,0,pass,PASS,PIT,CLE,,,,,,,,,,,,16,14,16,14
2723,2023_02_CLE_PIT,2023,2,REG,PIT,CLE,0,0,0,0,0,0,0,0,0,0,0,0,0,0,0,0,0,0,0,pass,PASS,PIT,CLE,,,,,,,,,,,,16,14,16,14
2746,2023_02_CLE_PIT,2023,2,REG,PIT,CLE,0,0,0,0,0,0,0,0,0,0,0,1,0,0,0,0,0,1,0,field_goal,FIELD_GOAL,PIT,CLE,,,,,,,,made,,,,16,14,19,14
2766,2023_02_CLE_PIT,2023,2,REG,PIT,CLE,0,0,0,0,0,0,0,0,1,0,0,0,0,0,0,0,0,1,1,kickoff,KICK_OFF,CLE,PIT,,,CLE,,,,,,,,,14,19,14,19
2789,2023_02_CLE_PIT,2023,2,REG,PIT,CLE,0,0,0,0,0,0,0,0,0,0,0,0,0,0,0,0,0,0,0,pass,PASS,CLE,PIT,,,,,,,,,,,,14,19,14,19
2814,2023_02_CLE_PIT,2023,2,REG,PIT,CLE,0,0,0,0,0,0,0,0,0,0,0,0,0,0,0,0,0,0,0,run,RUSH,CLE,PIT,,,,,,,,,,,,14,19,14,19
2844,2023_02_CLE_PIT,2023,2,REG,PIT,CLE,0,0,0,0,0,0,0,0,0,0,0,0,0,0,0,0,0,0,0,run,RUSH,CLE,PIT,,,,,,,,,,,,14,19,14,19
2866,2023_02_CLE_PIT,2023,2,REG,PIT,CLE,0,1,0,1,0,0,0,0,0,0,0,0,0,0,0,0,0,0,0,run,RUSH,CLE,PIT,CLE,00-0038098,,,,,,,,,,14,19,20,19
2891,2023_02_CLE_PIT,2023,2,REG,PIT,CLE,0,0,0,0,0,0,0,0,0,0,0,0,0,1,0,0,0,0,0,run,PAT2,CLE,PIT,,,,,,,,,,success,,20,19,22,19
2904,2023_02_CLE_PIT,2023,2,REG,PIT,CLE,0,0,0,0,0,0,0,0,1,0,0,0,0,0,0,0,0,1,1,kickoff,KICK_OFF,PIT,CLE,,,PIT,,,,,,,,,19,22,19,22
2932,2023_02_CLE_PIT,2023,2,REG,PIT,CLE,0,0,0,0,0,0,0,0,0,0,0,0,0,0,0,0,0,0,0,pass,PASS,PIT,CLE,,,,,,,,,,,,19,22,19,22
2955,2023_02_CLE_PIT,2023,2,REG,PIT,CLE,0,0,0,0,0,0,0,0,0,0,0,0,0,0,0,0,0,0,0,pass,PASS,PIT,CLE,,,,,,,,,,,,19,22,19,22
2980,2023_02_CLE_PIT,2023,2,REG,PIT,CLE,0,0,0,0,0,0,0,0,0,0,0,0,0,0,0,0,0,0,0,pass,SACK,PIT,CLE,,,,,,,,,,,,19,22,19,22
3000,2023_02_CLE_PIT,2023,2,REG,PIT,CLE,0,0,0,0,0,0,0,0,0,0,0,0,0,0,0,0,0,0,0,pass,PASS,PIT,CLE,,,,,,,,,,,,19,22,19,22
3028,2023_02_CLE_PIT,2023,2,REG,PIT,CLE,0,0,0,0,0,0,0,0,0,0,0,0,0,0,0,0,0,0,0,pass,PASS,PIT,CLE,,,,,,,,,,,,19,22,19,22
3060,2023_02_CLE_PIT,2023,2,REG,PIT,CLE,0,0,0,0,0,0,0,0,0,1,0,0,0,0,0,0,0,1,1,punt,PUNT,PIT,CLE,,,CLE,,,,,,,,,19,22,19,22
3082,2023_02_CLE_PIT,2023,2,REG,PIT,CLE,0,0,0,0,0,0,0,0,0,0,0,0,0,0,0,0,0,0,0,run,RUSH,CLE,PIT,,,,,,,,,,,,22,19,22,19
3104,2023_02_CLE_PIT,2023,2,REG,PIT,CLE,0,0,0,0,0,0,0,0,0,0,0,0,0,0,0,0,0,0,0,run,RUSH,CLE,PIT,,,,,,,,,,,,22,19,22,19
3131,2023_02_CLE_PIT,2023,2,REG,PIT,CLE,0,0,0,0,0,0,0,0,0,0,0,0,0,0,0,0,0,0,0,pass,PASS,CLE,PIT,,,,,,,,,,,,22,19,22,19
3154,2023_02_CLE_PIT,2023,2,REG,PIT,CLE,0,0,0,0,0,0,0,0,0,0,0,0,0,0,0,0,0,0,0,pass,PASS,CLE,PIT,,,,,,,,,,,,22,19,22,19
3179,2023_02_CLE_PIT,2023,2,REG,PIT,CLE,0,0,0,0,0,0,0,0,0,0,0,0,0,0,0,0,0,0,0,pass,PASS,CLE,PIT,,,,,,,,,,,,22,19,22,19
3204,2023_02_CLE_PIT,2023,2,REG,PIT,CLE,0,0,0,0,0,0,0,0,0,0,0,0,0,0,0,0,0,0,0,pass,PASS,CLE,PIT,,,,,,,,,,,,22,19,22,19
3227,2023_02_CLE_PIT,2023,2,REG,PIT,CLE,0,0,0,0,0,0,0,0,0,0,0,0,0,0,0,0,0,0,0,run,RUSH,CLE,PIT,,,,,,,,,,,,22,19,22,19
3265,2023_02_CLE_PIT,2023,2,REG,PIT,CLE,0,0,0,0,0,0,0,0,0,0,0,0,0,0,0,0,0,0,0,pass,PASS,CLE,PIT,,,,,,,,,,,,22,19,22,19
3290,2023_02_CLE_PIT,2023,2,REG,PIT,CLE,0,0,0,0,0,0,0,0,0,1,0,0,0,0,0,0,0,1,1,punt,PUNT,CLE,PIT,,,PIT,,,,,,,,,22,19,22,19
3308,2023_02_CLE_PIT,2023,2,REG,PIT,CLE,0,0,0,0,0,0,0,0,0,0,0,0,0,0,0,0,0,0,0,run,RUSH,PIT,CLE,,,,,,,,,,,,19,22,19,22
3335,2023_02_CLE_PIT,2023,2,REG,PIT,CLE,0,0,0,0,0,0,0,0,0,0,0,0,0,0,0,0,0,0,0,run,RUSH,PIT,CLE,,,,,,,,,,,,19,22,19,22
3362,2023_02_CLE_PIT,2023,2,REG,PIT,CLE,0,0,0,0,0,0,0,0,0,0,0,0,0,0,0,0,0,0,0,run,RUSH,PIT,CLE,,,,,,,,,,,,19,22,19,22
3384,2023_02_CLE_PIT,2023,2,REG,PIT,CLE,0,0,0,0,0,0,0,0,0,0,0,0,0,0,0,0,0,0,0,run,RUSH,PIT,CLE,,,,,,,,,,,,19,22,19,22
3406,2023_02_CLE_PIT,2023,2,REG,PIT,CLE,0,0,0,0,0,0,0,0,0,0,0,0,0,0,0,0,0,0,0,pass,PASS,PIT,CLE,,,,,,,,,,,,19,22,19,22
3456,2023_02_CLE_PIT,2023,2,REG,PIT,CLE,0,0,0,0,0,0,0,0,0,0,0,0,0,0,0,0,0,0,0,no_play,TIMEOUT,,,,,,,,,,,,,,,,,
3463,2023_02_CLE_PIT,2023,2,REG,PIT,CLE,0,0,0,0,0,0,0,0,0,1,0,0,0,0,0,0,0,1,1,punt,PUNT,PIT,CLE,,,CLE,,,,,,,,,19,22,19,22
3482,2023_02_CLE_PIT,2023,2,REG,PIT,CLE,0,0,0,0,0,0,0,0,0,0,0,0,0,0,0,0,0,0,0,run,RUSH,CLE,PIT,,,,,,,,,,,,22,19,22,19
3509,2023_02_CLE_PIT,2023,2,REG,PIT,CLE,0,0,0,0,0,0,0,0,0,0,0,0,0,0,0,0,0,0,0,pass,PASS,CLE,PIT,,,,,,,,,,,,22,19,22,19
3534,2023_02_CLE_PIT,2023,2,REG,PIT,CLE,0,,,,,,,,,,,,,,,,,0,0,,END_QUARTER,CLE,PIT,,,,,,,,,,,,22,19,22,19
3554,2023_02_CLE_PIT,2023,2,REG,PIT,CLE,0,0,0,0,0,0,0,0,0,0,0,0,0,0,0,0,0,0,0,pass,PASS,CLE,PIT,,,,,,,,,,,,22,19,22,19
3618,2023_02_CLE_PIT,2023,2,REG,PIT,CLE,0,0,0,0,0,0,0,0,0,0,0,0,0,0,0,0,0,0,0,run,RUSH,CLE,PIT,,,,,,,,,,,,22,19,22,19
3640,2023_02_CLE_PIT,2023,2,REG,PIT,CLE,0,0,0,0,0,0,0,0,0,0,0,0,0,0,0,0,0,0,0,pass,PASS,CLE,PIT,,,,,,,,,,,,22,19,22,19
3672,2023_02_CLE_PIT,2023,2,REG,PIT,CLE,0,0,0,0,0,0,0,0,0,0,0,0,0,0,0,0,0,0,0,run,RUSH,CLE,PIT,,,,,,,,,,,,22,19,22,19
3694,2023_02_CLE_PIT,2023,2,REG,PIT,CLE,0,0,0,0,0,0,0,0,0,0,0,0,0,0,0,0,0,0,0,run,RUSH,CLE,PIT,,,,,,,,,,,,22,19,22,19
3716,2023_02_CLE_PIT,2023,2,REG,PIT,CLE,0,0,0,0,0,0,0,0,0,0,0,0,0,0,0,0,0,0,0,run,RUSH,CLE,PIT,,,,,,,,,,,,22,19,22,19
3738,2023_02_CLE_PIT,2023,2,REG,PIT,CLE,0,0,0,0,0,0,0,0,0,0,0,0,0,0,0,0,0,0,0,run,RUSH,CLE,PIT,,,,,,,,,,,,22,19,22,19
3760,2023_02_CLE_PIT,2023,2,REG,PIT,CLE,0,0,0,0,0,0,0,0,0,0,0,0,0,0,0,0,0,0,0,run,RUSH,CLE,PIT,,,,,,,,,,,,22,19,22,19
3793,2023_02_CLE_PIT,2023,2,REG,PIT,CLE,0,0,0,0,0,0,0,0,0,0,0,0,0,0,0,0,0,0,0,no_play,PENALTY,CLE,PIT,,,,,,,,,,,,22,19,22,19
3826,2023_02_CLE_PIT,2023,2,REG,PIT,CLE,0,0,0,0,0,0,1,1,0,0,0,0,0,0,0,0,0,0,0,pass,PASS,CLE,PIT,,,,PIT,,CLE,,,,,,22,19,22,19
3867,2023_02_CLE_PIT,2023,2,REG,PIT,CLE,0,0,0,0,0,0,0,0,0,0,0,0,0,0,0,0,0,0,0,pass,PASS,PIT,CLE,,,,,,,,,,,,19,22,19,22
3890,2023_02_CLE_PIT,2023,2,REG,PIT,CLE,0,0,0,0,0,0,0,0,0,0,0,0,0,0,0,0,0,0,0,run,RUSH,PIT,CLE,,,,,,,,,,,,19,22,19,22
3912,2023_02_CLE_PIT,2023,2,REG,PIT,CLE,0,0,0,0,0,0,0,0,0,0,0,0,0,0,0,0,0,0,0,pass,SACK,PIT,CLE,,,,,,,,,,,,19,22,19,22
3932,2023_02_CLE_PIT,2023,2,REG,PIT,CLE,0,0,0,0,0,0,0,0,0,1,0,0,0,0,0,0,0,1,1,punt,PUNT,PIT,CLE,,,CLE,,,,,,,,,19,22,19,22
3952,2023_02_CLE_PIT,2023,2,REG,PIT,CLE,0,0,0,0,0,0,0,0,0,0,0,0,0,0,0,0,0,0,0,run,RUSH,CLE,PIT,,,,,,,,,,,,22,19,22,19
3981,2023_02_CLE_PIT,2023,2,REG,PIT,CLE,0,0,0,0,0,0,0,0,0,0,0,0,0,0,0,0,0,0,0,pass,PASS,CLE,PIT,,,,,,,,,,,,22,19,22,19
4004,2023_02_CLE_PIT,2023,2,REG,PIT,CLE,0,0,0,0,0,0,0,0,0,0,0,0,0,0,0,0,0,0,0,pass,PASS,CLE,PIT,,,,,,,,,,,,22,19,22,19
4034,2023_02_CLE_PIT,2023,2,REG,PIT,CLE,0,0,0,0,0,0,0,0,0,0,0,0,0,0,0,0,0,0,0,run,RUSH,CLE,PIT,,,,,,,,,,,,22,19,22,19
4056,2023_02_CLE_PIT,2023,2,REG,PIT,CLE,0,1,0,0,1,0,1,1,0,0,0,0,0,0,0,0,0,0,0,pass,SACK,CLE,PIT,PIT,00-0033886,,PIT,,CLE,,,,,,22,19,22,25
4087,2023_02_CLE_PIT,2023,2,REG,PIT,CLE,0,0,0,0,0,0,0,0,0,0,0,0,1,0,0,0,0,1,1,extra_point,XP_KICK,PIT,CLE,,,,,,,,,good,,,25,22,26,22
4102,2023_02_CLE_PIT,2023,2,REG,PIT,CLE,0,0,0,0,0,0,0,0,1,0,0,0,0,0,0,0,0,1,1,kickoff,KICK_OFF,CLE,PIT,,,CLE,,,,,,,,,22,26,22,26
4118,2023_02_CLE_PIT,2023,2,REG,PIT,CLE,0,0,0,0,0,0,0,0,0,0,0,0,0,0,0,0,0,0,0,run,RUSH,CLE,PIT,,,,,,,,,,,,22,26,22,26
4142,2023_02_CLE_PIT,2023,2,REG,PIT,CLE,0,0,0,0,0,0,0,0,0,0,0,0,0,0,0,0,0,0,0,run,RUSH,CLE,PIT,,,,,,,,,,,,22,26,22,26
4169,2023_02_CLE_PIT,2023,2,REG,PIT,CLE,0,0,0,0,0,0,0,0,0,0,0,0,0,0,0,0,0,0,0,pass,PASS,CLE,PIT,,,,,,,,,,,,22,26,22,26
4192,2023_02_CLE_PIT,2023,2,REG,PIT,CLE,0,0,0,0,0,0,0,0,0,0,0,0,0,0,0,0,0,0,0,pass,SACK,CLE,PIT,,,,,,,,,,,,22,26,22,26
4212,2023_02_CLE_PIT,2023,2,REG,PIT,CLE,0,0,0,0,0,0,0,0,0,0,0,0,0,0,0,0,0,0,0,pass,PASS,CLE,PIT,,,,,,,,,,,,22,26,22,26
4235,2023_02_CLE_PIT,2023,2,REG,PIT,CLE,0,0,0,0,0,0,0,0,0,1,0,0,0,0,0,0,0,1,1,punt,PUNT,CLE,PIT,,,PIT,,,,,,,,,22,26,22,26
4254,2023_02_CLE_PIT,2023,2,REG,PIT,CLE,0,0,0,0,0,0,0,0,0,0,0,0,0,0,0,0,0,0,0,run,RUSH,PIT,CLE,,,,,,,,,,,,26,22,26,22
4276,2023_02_CLE_PIT,2023,2,REG,PIT,CLE,0,0,0,0,0,0,0,0,0,0,0,0,0,0,0,0,0,0,0,run,RUSH,PIT,CLE,,,,,,,,,,,,26,22,26,22
4298,2023_02_CLE_PIT,2023,2,REG,PIT,CLE,0,0,0,0,0,0,0,0,0,0,0,0,0,0,0,0,0,0,0,run,RUSH,PIT,CLE,,,,,,,,,,,,26,22,26,22
4332,2023_02_CLE_PIT,2023,2,REG,PIT,CLE,0,0,0,0,0,0,0,0,0,0,0,0,0,0,0,0,0,0,0,no_play,TIMEOUT,,,,,,,,,,,,,,,,,
4320,2023_02_CLE_PIT,2023,2,REG,PIT,CLE,0,0,0,0,0,0,0,0,0,1,0,0,0,0,0,0,0,1,1,punt,PUNT,PIT,CLE,,,CLE,,,,,,,,,26,22,26,22
4347,2023_02_CLE_PIT,2023,2,REG,PIT,CLE,0,0,0,0,0,0,0,0,0,0,0,0,0,0,0,0,0,0,0,no_play,PENALTY,CLE,PIT,,,,,,,,,,,,22,26,22,26
4371,2023_02_CLE_PIT,2023,2,REG,PIT,CLE,0,0,0,0,0,0,0,0,0,0,0,0,0,0,0,0,0,0,0,pass,PASS,CLE,PIT,,,,,,,,,,,,22,26,22,26
4401,2023_02_CLE_PIT,2023,2,REG,PIT,CLE,0,0,0,0,0,0,0,0,0,0,0,0,0,0,0,0,0,0,0,pass,PASS,CLE,PIT,,,,,,,,,,,,22,26,22,26
4431,2023_02_CLE_PIT,2023,2,REG,PIT,CLE,0,0,0,0,0,0,0,0,0,0,0,0,0,0,0,0,0,0,0,pass,PASS,CLE,PIT,,,,,,,,,,,,22,26,22,26
4456,2023_02_CLE_PIT,2023,2,REG,PIT,CLE,0,0,0,0,0,0,0,0,0,0,0,0,0,0,0,0,0,0,0,run,RUSH,CLE,PIT,,,,,,,,,,,,22,26,22,26
4478,2023_02_CLE_PIT,2023,2,REG,PIT,CLE,0,0,0,0,0,0,0,0,0,0,0,0,0,0,0,0,0,0,0,pass,PASS,CLE,PIT,,,,,,,,,,,,22,26,22,26
4508,2023_02_CLE_PIT,2023,2,REG,PIT,CLE,0,0,0,0,0,0,0,0,0,0,0,0,0,0,0,0,0,0,0,pass,SACK,CLE,PIT,,,,,,,,,,,,22,26,22,26
4528,2023_02_CLE_PIT,2023,2,REG,PIT,CLE,0,0,0,0,0,0,0,0,0,0,0,0,0,0,0,0,0,0,0,pass,PASS,CLE,PIT,,,,,,,,,,,,22,26,22,26
4551,2023_02_CLE_PIT,2023,2,REG,PIT,CLE,0,0,0,0,0,0,0,0,0,0,0,0,0,0,0,0,0,0,0,qb_kneel,RUSH,PIT,CLE,,,,,,,,,,,,26,22,26,22
4573,2023_02_CLE_PIT,2023,2,REG,PIT,CLE,0,0,0,0,0,0,0,0,0,0,0,0,0,0,0,0,0,0,0,qb_kneel,RUSH,PIT,CLE,,,,,,,,,,,,26,22,26,22
4600,2023_02_CLE_PIT,2023,2,REG,PIT,CLE,0,,,,,,,,,,,,,,,,,0,0,,END_GAME,PIT,CLE,,,,,,,,,,,,26,22,26,22
